2.5.2,1aa6e850dcf706f1fe1bb7d62eb1aa6228a2ebc23a878813a8fccef727a380c2
2.5.1,e9f59b419944aec3f8c5a7bce9a163e90a86e2c4ebfa41b97e6fa55710652fac
2.5.0,15da2332441d178624974d4b402a9faf9787c48d7d914baa8134ab737aade7a2
2.5.3,45792edb8419a9699c12ccb6950c4ec9c9ed3f0dbcb4c439bf08cd193f3a2b78
2.8.0,9e7224356175d6d62c2c6540b449848f4e4d2528718fc3b3fcadc96da987dee2
2.8.1,89700ac0d60630ae6bc8a5e68b8802a82776723e74f497b63ac1e75a9a2ea7d5
2.10.0,8c19199e4a3fc68ab4acd241a3e9c0eb64a80e5d0303713a66e439ee24da2737
2.10.1,135b71e60ffeb41bace06b05b1ae93b305019cf16deb7e681003bb039c66edd1
2.10.2,0f560dedf241a2d77e5522542396ab02bae4005aca6d57499b853984ec7b624a
2.10.3,b1991fa5a24b0f53245a5c6f8b44c50fe5d382ac7096336a71da08f6ec9f1add
2.10.4,54eb3c286aa9c0d69bc4b898772b14f543274c6874b2bd3424162776ebae903c
2.10.5,54eb3c286aa9c0d69bc4b898772b14f543274c6874b2bd3424162776ebae903c
3.0.0,1b4ed24858ef6208a94dfe18776174dfb8c250381ce8d833678d1754db567bbc
3.0.1,7af6c7dd4e449ace7ab38987befdd8f30f2667df7ee72f5a5e3d873a58d7bb23
3.0.2,387d87b0cb3993fe3ad1d5189089695dbf92e4734013cf57756fcee8cfc211e0
3.0.3,b567e661fccc52ae9a4257f8d8b7131e69aab77f1af0238e7a686ddee878ca72
3.0.4,ed7ffeb7fa6bdb1b91b9390aef58c01ee1844bc768dfc1c5b2d5d1774eac6c40
3.0.5,e1f9e5c092f4e879c8150aeba2a0bd1cf6525c20b7d56fc05cabfbce20f35ee8
3.3.0,a9699e5c3636fb676605c4134c2272ea3d0024e890bf192c73acb719758a43c3
3.3.1,d77fedd1c51bd7b055453cae9aff2b3e0cdc87dac379f31c8c0ff9cc38f80593
3.3.2,8472b404493bf45d3af439f9e06ff384df5fc08d478bcd2cfcb6caf55628eecf
3.3.4,90b360e612593d2fa418aec30e440da691356938189f7826bb13ea2593260e8f
3.3.3,3d21911f5589b0d34e1d6d8664bd89669bb03ef889b3c8e9f1d49e54d8e86de8
3.3.5,231f57a8c4f2d2475039709f15339a6468cbcb09ef0b99b40d04affb728c3598
3.3.6,231f57a8c4f2d2475039709f15339a6468cbcb09ef0b99b40d04affb728c3598
3.3.7,e9e7964552c2e89488b7d4317c885a4d411bddb52e7068ce1617bcf9a0ad9e36
3.3.8,e9e7964552c2e89488b7d4317c885a4d411bddb52e7068ce1617bcf9a0ad9e36
2.2.3,04f2bf2a455b460bc890c899833140d0653dde22a9ab26e444b012aabb5c645b
2.2.2,1fa2ee06aec1ca3dfdf1aca93bedea9714e7e826d852fe0f09db00b1f327a186
2.2.1,e25060fcac69e90842cf82e3d3f457be3f1743389b6c8f2bcbb8f86ffc1acc80
2.2.0,5a46cfc77f39547f8c626b5d8e7cd10a7c213d2e8823755d62c16f93f73411f3
2.0.6,b1ba842a7ffacc51a154eca3039f9185f647ca7375cb5c3687a02ad9c17b16e1
2.0.5,e97856ff4c0974f5496785d88037cffeea91f7cb6c06cfd96b285bfad9a85a9e
2.0.4,739c18608b1377b77653eb90f17a8978533fa5eb81261b02f3dd729c6289933c
2.0.3,3a0b0d9d98ac869e60237b5804589f49bad10281972b761707610575eb1aa25d
2.0.2,f9019fa34bb08649666b7f06bdd8433796abdae498c8b0ad717dcae08c2d9201
2.0.1,13fb3ab583361686c0f9d55736dd54f80dbe7546d4e711e9ca46ef2a1a1c5654
2.0.0,13fb3ab583361686c0f9d55736dd54f80dbe7546d4e711e9ca46ef2a1a1c5654
1.22.6,1c5907b0d2e389bcfbfaa67d96421e2dd636d97faa83312b628786efd3c5741a
1.22.5,c0b5b384564685d288a6b8f5c41c62fb63b3093d4781ed7fc82551bad19dbbe5
1.22.4,9c90256ba688373bca136e66f04ef0bd92397198ba345a9c1d70597ba0392cda
1.22.3,1c5907b0d2e389bcfbfaa67d96421e2dd636d97faa83312b628786efd3c5741a
1.22.2,0426f700082ce6d3b12bef98ca2ed7e0aee72ae737f9e617bd1a8c2285105b3a
1.22.1,4a72364b0935f0f126ef2c2ea1e44fd39c78d93e289e9113f42b723a9d35093c
1.22.0,20e184e903933f36faad6d3d89c23475cb2045dd54443bd61f5f5ccbe0229385
1.20.4,c4e0f7b34fb07f4aae8cd82612fb4b57c397f58dc551fbf7093505f9c3885dc5
1.20.3,c4e0f7b34fb07f4aae8cd82612fb4b57c397f58dc551fbf7093505f9c3885dc5
1.20.2,43d00dc080490bc11e7ac9f8c02efa471e93a07e65a82e9f423acdbdc9c51f69
1.20.1,07e99763b7811c65015275283fc643bc491b418a1bf685aeb8bc56bd28857838
1.20.0,07e99763b7811c65015275283fc643bc491b418a1bf685aeb8bc56bd28857838
1.17.5,05229ae3325940893a6841acc74bcbf6363e973eea57e27a304da04f494873a8
1.17.4,05229ae3325940893a6841acc74bcbf6363e973eea57e27a304da04f494873a8
1.17.3,05229ae3325940893a6841acc74bcbf6363e973eea57e27a304da04f494873a8
1.17.2,b685616147e5891e71239ae85c1b3f740335472a43d9deee95c82dd783a163b1
1.17.1,73d078ed637f54ea3662354b7cab3de056359d07ed9dabfdb31be8f129ab9836
1.17.0,2783bacfda36b6129c5431ef4a413d0c13cb73501b7e88f07f4c393a3a646908