2.5.2,c53d6733856c0df1a0bbcc8feec97efe11a081df9f930ca904bae8c1013a7e28
2.5.1,72597fc1d6ee625bd4a52b7dc9b3604032dacbb0bee8782c800355a4f5e9ab31
2.5.0,70cbc5df00f6f817d56489d9cab3caf7e2e9a4af6a80e8d7e7aa7304455f3840
2.5.3,6169dd5b57d53dc770eda943e5ec4e59bffba5ec722b993598da0762f09db400
2.8.0,147c1181a7809a704c3bcad840d2affe8fe5acbdf54b8861f0412b3aae644133
2.8.1,c44a9026f8a35451be6f05420221616166b4db8ad5808d209d67b839085f4766
2.10.0,2805fce3147216aff6ff54e4141bfd50b95306dba13ce5224862db73d940a85b
2.10.1,9f28405c738780109be452998c128a336c04204da33c9b7aee3802b5ffda5023
2.10.2,4b67ada908cca02b7260097f5d14b1bd36ba33a3665a38db685c2415b2a51b6c
2.10.3,a79a37414705a0e324002003355b772d219edca6786aa0273f756ed931a2de1b
2.10.4,aff40f3fdc48599a6f36960451a066d92f2b0f4d502b35a1158b9c0100363c33
2.10.5,aff40f3fdc48599a6f36960451a066d92f2b0f4d502b35a1158b9c0100363c33
3.0.0,d6fff105ac3b188413fbc4951f07ef74299f735c8ce6912ca61e4c6d4bd97e78
3.0.1,0e40d5fb84757085c9b120c1fdc20180471068b6b950b6b544b586684698abb9
3.0.2,4921232336642b844cd0c945e00ddffda866235c51ac1c7f01a6b334b425457e
3.0.3,f173bea94b80170478e325355ede4ae86301182d725edcb123ab29f6627fd8f2
3.0.4,24aac2e8fb2279d11b1d64daac0983a4a7f5bfda8795cb5fc707801670eac76b
3.0.5,88a3a45c834337a1a5ad4832c682d236a13d3d889b4d5762cd58288956d8bcd0
3.3.0,03aab78e41df1705cbdee8f97707f1e9994fabb0e3f05029e4353829d92f9681
3.3.1,983b5aea98c6e4e655f9effe26c71665fa143302297b568680abfae879a194ce
3.3.2,b21916cf1f0be0b9b75ffc9815ea9cb734330b996b7e53c2c3d8fbde87237c12
3.3.4,470c52c9ca8a4c724ad37816d6fbf6483c039b24db78a3ebf53dc46254063f9c
3.3.3,a41ce76613097c155729f524e9cd5562d12257327a03657125a2bf648fbb17f4
3.3.5,2dfd3f7abd0195337a658d2e030f8250b87b2cf692415e31a04adc2c627b538b
3.3.6,2dfd3f7abd0195337a658d2e030f8250b87b2cf692415e31a04adc2c627b538b
3.3.7,7e79c0e2dea81e3a7246631142ff54d2b5fe2f5659af7dbac524e2cc186e7606
3.3.8,7e79c0e2dea81e3a7246631142ff54d2b5fe2f5659af7dbac524e2cc186e7606
2.2.3,bfacc78256a7f52fe072bdb422cd5dfd71248d92b594dd53d39dadddab95736c
2.2.2,05a1af0538eea3bbb3939e0fc5204b0dbb5a58f41d9f8aba190e0b2e778d1959
2.2.1,c94cf10fbac172b48b3f2c65902ac14db1809f4cfc23f21cb56ce00d6ccbe0e3
2.2.0,33361a138f516cba2f7edb2e66e55247df0dde3196e567ab84c2ff78f0a458d0
2.0.6,a6d0277e50a434fb9d5662804f3567aea73a37f6c8d35719b829eb32c2f0a43a
2.0.5,dbe528d8820f72cdef5c0a8545adda70a40b3102fe766d55d12b21ff1e2c8dea
2.0.4,e647edb5f53b82c7837e473dfebf9a1c2447448710054b35c18e038c38f8667e
2.0.3,9940040c385f175c6b308549fcff75e7017a790ec1d2021f167c984c2b5b913f
2.0.2,ae2251d3d3ac06f0b7f92b904672f894bf11855f50fac6f8aa6da1c3342e9df8
2.0.1,e7671130a40a8f590f0c84eb7264b6ecf7e65a407114c71e55454d394d497e25
2.0.0,e7671130a40a8f590f0c84eb7264b6ecf7e65a407114c71e55454d394d497e25
1.22.6,0626943ca2fc473df849961465b1345fcbcfe2f0cb36c7cd3a3df9da96e5bc27
1.22.5,451914d3a048681a9e33e34243d8cc10529a68ac99044a7967d0b48b6f0c4be4
1.22.4,a11d04386c3dc7dc5cab1033d5f7a85706c5a1e8b97b76b96ab18646e5b2f748
1.22.3,0626943ca2fc473df849961465b1345fcbcfe2f0cb36c7cd3a3df9da96e5bc27
1.22.2,6c01255ad065bfe641b834f98ccfd240119a4c00939a477791b7a384b798e065
1.22.1,dd9d418236b28f0e01f9fbba9ca2ec35c17567ba3dab702152e56ed339f330fd
1.22.0,adc3e326cf49541db7dde08dcd756dcb637734065071e6c7e328098dd6264f3f
1.20.4,90000cb7a2970a57e028d9df1a21ea96df9d1194ab2133396138e013286f39ad
1.20.3,90000cb7a2970a57e028d9df1a21ea96df9d1194ab2133396138e013286f39ad
1.20.2,189f64ff37d4503a43b9d95ef121744f60fbabb9f94df7f21c67b06393876611
1.20.1,d10ec616df48b397be8983cb6fde1c706ae9120b0327d419ed85666a1946e4a0
1.20.0,d10ec616df48b397be8983cb6fde1c706ae9120b0327d419ed85666a1946e4a0
1.17.5,5437a643124d5b280bd6ff3b3c974be95fd38beebfde6ddb8ea3ffb804eafc54
1.17.4,5437a643124d5b280bd6ff3b3c974be95fd38beebfde6ddb8ea3ffb804eafc54
1.17.3,5437a643124d5b280bd6ff3b3c974be95fd38beebfde6ddb8ea3ffb804eafc54
1.17.2,8093c398236b02e33662323e929774070bd9f6db3878308d5a9d65e017c7f728
1.17.1,cd27a67111888be11d09a7fb9e78d7ca836e74ac7469cedd40e26d9898d0e2fd
1.17.0,c9cbe412cb7f7e53286944ddea7e64ea2348a441a42d6bb774dd8de91cd33679