2.5.2,4bace7363efb44449255fa9103c4f34b5f6c78ef834294cc7110961ef54a9c5e
2.5.1,0f69cb40b18041778f87ff732ae1e26eb8444e00ff8e3b3f1fc2b85b4a924e5a
2.5.0,3d58f6bdc1d9922189c26a071716b0d624e91fa375288f7df6108b68f006ed76
2.5.3,e7f23e063e6456451c8a6b911d6e7805b5a4c90dcb181bb1a5255143f83bb2b7
2.8.0,090f1dfb47dc3b9340d64fe3257710d0d23fb672d62ef91909a11206ed957baf
2.8.1,b38843b07d9998ec32d89072392cd9a2159519c9532eeb10ef6b039b7a48c732
2.10.0,7058bf020fecd24f9d772a9eddd147ea72217baf6799966df7400ee289ec7789
2.10.1,0acffc3667fc10811a8fcf3262584b7ca17d2b17b0e2da9a485fc29402936194
2.10.2,fdeb1526164dfff91277901dcdd81b0e5963aa5644e3768537d0115f20559fe9
2.10.3,78a14637af037fb90da699d209a93c15a9441ed3de38aa117cb3790076d3c5a3
2.10.4,b5a506ec1ac1843ce5ff7ec7c07aa811976d964375df5621d48e9f9ee4f5d825
2.10.5,b5a506ec1ac1843ce5ff7ec7c07aa811976d964375df5621d48e9f9ee4f5d825
3.0.0,f9957df14d2b559a681e7cd9ab4c80503843d0e200948d51b88d00b3ecf6746a
3.0.1,560c9efffc21e8e07f91a8789c1610551cd7824042bfa3faf4fa229c08ca5ecd
3.0.2,d7856754849f11252b51cf79c36b9bcb9a0cab2fa4def9b9bcfa746a73b0e08a
3.0.3,228d19341e2f62f3477e54e41c1bd3418f9a1961658637f0ca49e5696a06cb0d
3.0.4,8a86517d1ae70b8157d28d1eda5b10dee55c23b3c85b9cc7294da50c5103b92c
3.0.5,2601935a5b2ee8cc33ac34478e8c5d344ad9989d22691d3f441a51f25001dd74
3.3.0,4e1cbdf05eaed464e796524b84675a06254a13e9e8afdc11b7b9445382d73199
3.3.1,24c14c8d1a62f98a8eaa8b45e69030e4b389582739fff33fa79eb629c6dae6c8
3.3.2,afd16fe1f05941a059c384bcab33f0ea3940cd19e4575fe99cb7e142ac26433b
3.3.4,c5cc84c968c25864789ff7c217e382b20eb775385f449052528f06d5a64cfee4
3.3.3,535f3c63835bd010b30b3907508ab4cf3da981410430de87d2cd9615e4c71662
3.3.5,14dfca89207edb20f14294347f038fe42763a0f2ffe3abd028c43adea2f210a5
3.3.6,14dfca89207edb20f14294347f038fe42763a0f2ffe3abd028c43adea2f210a5
3.3.7,d13250f99073e5b7fe174500414e119c765d570e08cb0231c5d8eb7b45280f06
3.3.8,d13250f99073e5b7fe174500414e119c765d570e08cb0231c5d8eb7b45280f06
2.2.3,69c4159c2af1d354dc0e265b1a05b25501a8243176172a1f34ec5d49dd680cfe
2.2.2,de578ec7c66681d70885ffa76da0eda01ec5a66bf4c1fd8703a89780af09a588
2.2.1,57b6a94e7f2e0edfaa2d43651fef20bfa4aa430943c65260b76a6465e9f5aa42
2.2.0,b210ee5fb655d0cbc76a1de9a228326df39fa9dd78cd56c526a31323bd319c42
2.0.6,0adb7d7d28ca34a99cc60b1d26fbb7a9448103ae9be9d26852106d72e1d51277
2.0.5,db2f99486da751f8450be8cc6483de76d5ba71c3f6039b73b4b3477de293760d
2.0.4,43f4b2b7cfc41cca9bdaeed9152bd87c41294339d45f99608eb297f5487213e5
2.0.3,c518d12bd75e5dabfd364f36bccac488eefb12030d8c1d6534bb9a3c4c5b212c
2.0.2,56ada81cbe95bc7703a6642448bb6a070975f70378da5ee16ed5a1732b0f4281
2.0.1,dbd2bc6bf3979077f69a4328d22bf66eb287bb50930ffd9080531fb255f9eb0a
2.0.0,dbd2bc6bf3979077f69a4328d22bf66eb287bb50930ffd9080531fb255f9eb0a
1.22.6,4ce498b9b76bbeb8d4f13028d6a6cbd5701b03a93825f19b161ed21e680bb4ad
1.22.5,f9d6be43974b5540d1d1c0b0515f9e21b950f2fefc5debd6aa03c437d5ad6356
1.22.4,8aa2eb3740976ea70ac3f2b4fb45026badf9874cbd7f6d4b09fe686de986446a
1.22.3,4ce498b9b76bbeb8d4f13028d6a6cbd5701b03a93825f19b161ed21e680bb4ad
1.22.2,f5ede0bcc41d8630e6814d71eee14b8e2b8b6e0ef031b75138830408261ea512
1.22.1,e5ea63f74e9beb5405f03ed8dd4ad0f8d63626fa260e52a9e97f8c298bde34aa
1.22.0,9f851bd3c6e59b48ee999bbac59abe0dfa375835ecf1ad6dec201f15fc45330e
1.20.4,c1a65a61c80f70401f7948428ba77e10e164045321d107ae23f8f87eb7588d56
1.20.3,c1a65a61c80f70401f7948428ba77e10e164045321d107ae23f8f87eb7588d56
1.20.2,997e65425e7e8428f3f2dd15479da555df6411d51abbfc00d5164eb96f82843e
1.20.1,94987af9889d723e4e40d697771c045cdc6b931b72ba27bfeaa44a237901b780
1.20.0,94987af9889d723e4e40d697771c045cdc6b931b72ba27bfeaa44a237901b780
1.17.5,8e4748ed770046a02ecab5c26e03760a92d3c3c4db1270fef209fdf6bafb46cd
1.17.4,8e4748ed770046a02ecab5c26e03760a92d3c3c4db1270fef209fdf6bafb46cd
1.17.3,8e4748ed770046a02ecab5c26e03760a92d3c3c4db1270fef209fdf6bafb46cd
1.17.2,3c29fe6fc258f5d96b4689159628ee5b3c68c19594b60032649e9c1c7e73c983
1.17.1,6f86956175120745fa298fe212fbe327cc12386d19d3dac983d84096d38338a6
1.17.0,6a70dbf4fa89cd24dc7438964eb57c0b42ffc80b60abd3a2c058cce6177a585d